student_id,question_id,student_response,correct_answer,time_taken_sec,is_correct
S1,Q1,C,A,37,False
S1,Q2,A,A,56,True
S1,Q3,C,A,33,False
S1,Q4,C,A,49,False
S1,Q5,A,A,28,True
S1,Q6,A,A,55,True
S1,Q7,A,A,57,True
S1,Q8,A,A,57,True
S1,Q9,A,A,34,True
S1,Q10,B,A,52,False
S1,Q11,A,A,23,True
S1,Q12,A,A,29,True
S1,Q13,A,A,47,True
S1,Q14,A,A,44,True
S1,Q15,A,A,49,True
S1,Q16,A,A,55,True
S1,Q17,A,A,20,True
S1,Q18,A,A,27,True
S1,Q19,A,A,54,True
S1,Q20,A,A,41,True
S1,Q21,A,A,47,True
S1,Q22,A,A,20,True
S1,Q23,D,A,36,False
S1,Q24,B,A,52,False
S1,Q25,D,A,39,False
S1,Q26,D,A,58,False
S1,Q27,A,A,43,True
S1,Q28,D,A,53,False
S1,Q29,D,A,40,False
S1,Q30,A,A,27,True
S1,Q31,C,A,35,False
S1,Q32,A,A,56,True
S1,Q33,B,A,51,False
S1,Q34,D,A,28,False
S1,Q35,A,A,50,True
S1,Q36,B,A,36,False
S1,Q37,D,A,47,False
S1,Q38,D,A,32,False
S1,Q39,C,A,43,False
S1,Q40,D,A,48,False
S1,Q41,B,B,34,True
S1,Q42,B,B,21,True
S1,Q43,A,A,34,True
S1,Q44,A,A,20,True
S1,Q45,A,A,60,True
S1,Q46,B,B,24,True
S1,Q47,C,A,24,False
S1,Q48,B,B,37,True
S1,Q49,A,B,54,False
S1,Q50,B,B,56,True
S2,Q1,A,A,35,True
S2,Q2,C,A,32,False
S2,Q3,A,A,47,True
S2,Q4,A,A,46,True
S2,Q5,A,A,23,True
S2,Q6,D,A,26,False
S2,Q7,A,A,41,True
S2,Q8,B,A,35,False
S2,Q9,A,A,54,True
S2,Q10,A,A,47,True
S2,Q11,A,A,49,True
S2,Q12,A,A,24,True
S2,Q13,A,A,55,True
S2,Q14,A,A,54,True
S2,Q15,A,A,25,True
S2,Q16,A,A,35,True
S2,Q17,A,A,51,True
S2,Q18,A,A,45,True
S2,Q19,A,A,30,True
S2,Q20,A,A,44,True
S2,Q21,C,A,38,False
S2,Q22,D,A,55,False
S2,Q23,C,A,29,False
S2,Q24,A,A,33,True
S2,Q25,D,A,54,False
S2,Q26,A,A,40,True
S2,Q27,A,A,57,True
S2,Q28,D,A,30,False
S2,Q29,A,A,52,True
S2,Q30,A,A,31,True
S2,Q31,A,A,24,True
S2,Q32,B,A,45,False
S2,Q33,A,A,56,True
S2,Q34,A,A,58,True
S2,Q35,A,A,25,True
S2,Q36,A,A,57,True
S2,Q37,A,A,40,True
S2,Q38,B,A,40,False
S2,Q39,A,A,45,True
S2,Q40,A,A,39,True
S2,Q41,B,B,24,True
S2,Q42,B,B,59,True
S2,Q43,B,A,24,False
S2,Q44,A,A,52,True
S2,Q45,A,A,42,True
S2,Q46,A,B,43,False
S2,Q47,A,A,48,True
S2,Q48,D,B,39,False
S2,Q49,D,B,53,False
S2,Q50,B,B,55,True
S3,Q1,A,A,26,True
S3,Q2,B,A,36,False
S3,Q3,A,A,26,True
S3,Q4,B,A,37,False
S3,Q5,A,A,33,True
S3,Q6,B,A,60,False
S3,Q7,D,A,51,False
S3,Q8,A,A,23,True
S3,Q9,A,A,47,True
S3,Q10,B,A,20,False
S3,Q11,A,A,28,True
S3,Q12,C,A,30,False
S3,Q13,D,A,47,False
S3,Q14,A,A,27,True
S3,Q15,A,A,29,True
S3,Q16,A,A,43,True
S3,Q17,A,A,29,True
S3,Q18,A,A,22,True
S3,Q19,A,A,22,True
S3,Q20,B,A,35,False
S3,Q21,A,A,42,True
S3,Q22,A,A,46,True
S3,Q23,D,A,29,False
S3,Q24,A,A,35,True
S3,Q25,A,A,31,True
S3,Q26,A,A,21,True
S3,Q27,A,A,41,True
S3,Q28,A,A,46,True
S3,Q29,A,A,35,True
S3,Q30,A,A,26,True
S3,Q31,B,A,50,False
S3,Q32,C,A,42,False
S3,Q33,B,A,34,False
S3,Q34,A,A,32,True
S3,Q35,C,A,24,False
S3,Q36,C,A,42,False
S3,Q37,C,A,54,False
S3,Q38,B,A,27,False
S3,Q39,C,A,31,False
S3,Q40,C,A,22,False
S3,Q41,B,B,47,True
S3,Q42,B,B,40,True
S3,Q43,A,A,52,True
S3,Q44,A,A,56,True
S3,Q45,A,A,22,True
S3,Q46,A,B,53,False
S3,Q47,D,A,32,False
S3,Q48,B,B,24,True
S3,Q49,C,B,59,False
S3,Q50,B,B,27,True
S4,Q1,C,A,52,False
S4,Q2,A,A,46,True
S4,Q3,A,A,38,True
S4,Q4,A,A,32,True
S4,Q5,A,A,44,True
S4,Q6,B,A,59,False
S4,Q7,A,A,45,True
S4,Q8,A,A,20,True
S4,Q9,A,A,33,True
S4,Q10,A,A,57,True
S4,Q11,C,A,49,False
S4,Q12,A,A,33,True
S4,Q13,A,A,30,True
S4,Q14,C,A,52,False
S4,Q15,D,A,41,False
S4,Q16,A,A,35,True
S4,Q17,B,A,32,False
S4,Q18,A,A,22,True
S4,Q19,A,A,50,True
S4,Q20,B,A,49,False
S4,Q21,A,A,60,True
S4,Q22,A,A,44,True
S4,Q23,A,A,35,True
S4,Q24,A,A,20,True
S4,Q25,B,A,47,False
S4,Q26,A,A,53,True
S4,Q27,A,A,55,True
S4,Q28,A,A,27,True
S4,Q29,A,A,49,True
S4,Q30,D,A,58,False
S4,Q31,A,A,48,True
S4,Q32,A,A,52,True
S4,Q33,A,A,55,True
S4,Q34,A,A,30,True
S4,Q35,A,A,50,True
S4,Q36,A,A,35,True
S4,Q37,A,A,37,True
S4,Q38,A,A,53,True
S4,Q39,A,A,35,True
S4,Q40,A,A,24,True
S4,Q41,A,B,37,False
S4,Q42,D,B,25,False
S4,Q43,A,A,34,True
S4,Q44,B,A,33,False
S4,Q45,A,A,46,True
S4,Q46,C,B,46,False
S4,Q47,A,A,46,True
S4,Q48,D,B,21,False
S4,Q49,D,B,44,False
S4,Q50,C,B,39,False
S5,Q1,C,A,54,False
S5,Q2,D,A,58,False
S5,Q3,C,A,34,False
S5,Q4,C,A,21,False
S5,Q5,D,A,45,False
S5,Q6,C,A,28,False
S5,Q7,D,A,21,False
S5,Q8,D,A,56,False
S5,Q9,B,A,47,False
S5,Q10,A,A,49,True
S5,Q11,A,A,36,True
S5,Q12,A,A,33,True
S5,Q13,A,A,41,True
S5,Q14,C,A,37,False
S5,Q15,C,A,36,False
S5,Q16,C,A,21,False
S5,Q17,B,A,42,False
S5,Q18,A,A,24,True
S5,Q19,D,A,22,False
S5,Q20,B,A,32,False
S5,Q21,D,A,29,False
S5,Q22,A,A,50,True
S5,Q23,D,A,33,False
S5,Q24,A,A,36,True
S5,Q25,B,A,58,False
S5,Q26,D,A,27,False
S5,Q27,B,A,39,False
S5,Q28,A,A,21,True
S5,Q29,D,A,44,False
S5,Q30,A,A,32,True
S5,Q31,A,A,60,True
S5,Q32,A,A,39,True
S5,Q33,D,A,27,False
S5,Q34,D,A,22,False
S5,Q35,A,A,47,True
S5,Q36,B,A,52,False
S5,Q37,B,A,46,False
S5,Q38,B,A,47,False
S5,Q39,D,A,49,False
S5,Q40,C,A,31,False
S5,Q41,B,B,37,True
S5,Q42,B,B,54,True
S5,Q43,A,A,49,True
S5,Q44,A,A,57,True
S5,Q45,A,A,35,True
S5,Q46,B,B,25,True
S5,Q47,A,A,48,True
S5,Q48,B,B,49,True
S5,Q49,B,B,44,True
S5,Q50,B,B,51,True
S6,Q1,A,A,31,True
S6,Q2,A,A,42,True
S6,Q3,A,A,41,True
S6,Q4,A,A,58,True
S6,Q5,A,A,37,True
S6,Q6,A,A,53,True
S6,Q7,A,A,25,True
S6,Q8,A,A,46,True
S6,Q9,A,A,35,True
S6,Q10,A,A,51,True
S6,Q11,B,A,25,False
S6,Q12,C,A,35,False
S6,Q13,D,A,43,False
S6,Q14,D,A,42,False
S6,Q15,D,A,55,False
S6,Q16,D,A,49,False
S6,Q17,C,A,34,False
S6,Q18,A,A,32,True
S6,Q19,D,A,54,False
S6,Q20,D,A,31,False
S6,Q21,A,A,50,True
S6,Q22,A,A,57,True
S6,Q23,D,A,58,False
S6,Q24,A,A,26,True
S6,Q25,C,A,34,False
S6,Q26,A,A,39,True
S6,Q27,A,A,54,True
S6,Q28,A,A,22,True
S6,Q29,D,A,38,False
S6,Q30,B,A,60,False
S6,Q31,C,A,26,False
S6,Q32,D,A,38,False
S6,Q33,A,A,48,True
S6,Q34,A,A,23,True
S6,Q35,A,A,50,True
S6,Q36,A,A,24,True
S6,Q37,A,A,24,True
S6,Q38,A,A,23,True
S6,Q39,A,A,56,True
S6,Q40,B,A,35,False
S6,Q41,B,B,46,True
S6,Q42,D,B,34,False
S6,Q43,C,A,48,False
S6,Q44,C,A,57,False
S6,Q45,C,A,56,False
S6,Q46,D,B,26,False
S6,Q47,B,A,60,False
S6,Q48,B,B,25,True
S6,Q49,B,B,31,True
S6,Q50,B,B,30,True
S7,Q1,A,A,48,True
S7,Q2,C,A,38,False
S7,Q3,A,A,38,True
S7,Q4,D,A,49,False
S7,Q5,A,A,34,True
S7,Q6,D,A,57,False
S7,Q7,B,A,47,False
S7,Q8,A,A,34,True
S7,Q9,C,A,29,False
S7,Q10,A,A,30,True
S7,Q11,A,A,58,True
S7,Q12,A,A,56,True
S7,Q13,A,A,48,True
S7,Q14,A,A,39,True
S7,Q15,A,A,37,True
S7,Q16,A,A,51,True
S7,Q17,A,A,58,True
S7,Q18,A,A,47,True
S7,Q19,A,A,58,True
S7,Q20,A,A,25,True
S7,Q21,D,A,56,False
S7,Q22,B,A,37,False
S7,Q23,B,A,50,False
S7,Q24,C,A,37,False
S7,Q25,A,A,57,True
S7,Q26,C,A,25,False
S7,Q27,C,A,41,False
S7,Q28,B,A,30,False
S7,Q29,D,A,51,False
S7,Q30,C,A,55,False
S7,Q31,A,A,25,True
S7,Q32,A,A,40,True
S7,Q33,A,A,45,True
S7,Q34,B,A,54,False
S7,Q35,A,A,23,True
S7,Q36,A,A,43,True
S7,Q37,C,A,60,False
S7,Q38,A,A,23,True
S7,Q39,A,A,55,True
S7,Q40,A,A,38,True
S7,Q41,B,B,51,True
S7,Q42,B,B,60,True
S7,Q43,B,A,30,False
S7,Q44,A,A,20,True
S7,Q45,A,A,25,True
S7,Q46,B,B,27,True
S7,Q47,A,A,27,True
S7,Q48,A,B,51,False
S7,Q49,C,B,52,False
S7,Q50,C,B,50,False
S8,Q1,B,A,49,False
S8,Q2,A,A,44,True
S8,Q3,A,A,58,True
S8,Q4,A,A,28,True
S8,Q5,C,A,46,False
S8,Q6,A,A,52,True
S8,Q7,A,A,20,True
S8,Q8,A,A,39,True
S8,Q9,D,A,51,False
S8,Q10,C,A,54,False
S8,Q11,A,A,41,True
S8,Q12,A,A,54,True
S8,Q13,A,A,40,True
S8,Q14,D,A,35,False
S8,Q15,A,A,34,True
S8,Q16,C,A,22,False
S8,Q17,A,A,50,True
S8,Q18,C,A,44,False
S8,Q19,D,A,29,False
S8,Q20,A,A,22,True
S8,Q21,A,A,57,True
S8,Q22,A,A,26,True
S8,Q23,A,A,48,True
S8,Q24,A,A,49,True
S8,Q25,A,A,29,True
S8,Q26,A,A,29,True
S8,Q27,A,A,36,True
S8,Q28,A,A,45,True
S8,Q29,A,A,41,True
S8,Q30,A,A,54,True
S8,Q31,C,A,60,False
S8,Q32,C,A,54,False
S8,Q33,A,A,24,True
S8,Q34,D,A,38,False
S8,Q35,D,A,25,False
S8,Q36,B,A,60,False
S8,Q37,B,A,48,False
S8,Q38,A,A,39,True
S8,Q39,B,A,40,False
S8,Q40,C,A,42,False
S8,Q41,B,B,29,True
S8,Q42,B,B,46,True
S8,Q43,A,A,31,True
S8,Q44,A,A,25,True
S8,Q45,C,A,59,False
S8,Q46,C,B,57,False
S8,Q47,A,A,49,True
S8,Q48,C,B,36,False
S8,Q49,C,B,38,False
S8,Q50,A,B,24,False
S9,Q1,A,A,42,True
S9,Q2,C,A,60,False
S9,Q3,D,A,36,False
S9,Q4,A,A,39,True
S9,Q5,A,A,44,True
S9,Q6,B,A,35,False
S9,Q7,A,A,42,True
S9,Q8,A,A,38,True
S9,Q9,A,A,45,True
S9,Q10,A,A,56,True
S9,Q11,D,A,23,False
S9,Q12,D,A,51,False
S9,Q13,C,A,34,False
S9,Q14,C,A,34,False
S9,Q15,D,A,36,False
S9,Q16,D,A,28,False
S9,Q17,D,A,22,False
S9,Q18,A,A,48,True
S9,Q19,A,A,43,True
S9,Q20,B,A,38,False
S9,Q21,A,A,46,True
S9,Q22,A,A,28,True
S9,Q23,C,A,53,False
S9,Q24,A,A,37,True
S9,Q25,C,A,50,False
S9,Q26,C,A,41,False
S9,Q27,C,A,24,False
S9,Q28,A,A,34,True
S9,Q29,D,A,45,False
S9,Q30,D,A,43,False
S9,Q31,A,A,45,True
S9,Q32,A,A,54,True
S9,Q33,A,A,43,True
S9,Q34,A,A,36,True
S9,Q35,A,A,60,True
S9,Q36,A,A,26,True
S9,Q37,A,A,50,True
S9,Q38,A,A,55,True
S9,Q39,A,A,59,True
S9,Q40,A,A,24,True
S9,Q41,C,B,39,False
S9,Q42,A,B,28,False
S9,Q43,A,A,22,True
S9,Q44,C,A,27,False
S9,Q45,A,A,54,True
S9,Q46,B,B,49,True
S9,Q47,D,A,54,False
S9,Q48,D,B,29,False
S9,Q49,D,B,26,False
S9,Q50,D,B,46,False
S10,Q1,C,A,22,False
S10,Q2,B,A,48,False
S10,Q3,B,A,43,False
S10,Q4,A,A,43,True
S10,Q5,D,A,42,False
S10,Q6,A,A,37,True
S10,Q7,A,A,27,True
S10,Q8,C,A,25,False
S10,Q9,D,A,60,False
S10,Q10,B,A,23,False
S10,Q11,B,A,28,False
S10,Q12,B,A,24,False
S10,Q13,D,A,33,False
S10,Q14,A,A,34,True
S10,Q15,A,A,29,True
S10,Q16,D,A,20,False
S10,Q17,A,A,29,True
S10,Q18,D,A,36,False
S10,Q19,B,A,21,False
S10,Q20,A,A,42,True
S10,Q21,B,A,57,False
S10,Q22,A,A,31,True
S10,Q23,A,A,28,True
S10,Q24,D,A,27,False
S10,Q25,C,A,48,False
S10,Q26,D,A,57,False
S10,Q27,A,A,52,True
S10,Q28,A,A,59,True
S10,Q29,A,A,53,True
S10,Q30,A,A,21,True
S10,Q31,A,A,50,True
S10,Q32,C,A,26,False
S10,Q33,A,A,48,True
S10,Q34,A,A,25,True
S10,Q35,A,A,29,True
S10,Q36,A,A,37,True
S10,Q37,D,A,55,False
S10,Q38,C,A,58,False
S10,Q39,A,A,49,True
S10,Q40,A,A,47,True
S10,Q41,B,B,27,True
S10,Q42,B,B,55,True
S10,Q43,A,A,33,True
S10,Q44,A,A,34,True
S10,Q45,A,A,49,True
S10,Q46,B,B,26,True
S10,Q47,A,A,40,True
S10,Q48,B,B,43,True
S10,Q49,D,B,50,False
S10,Q50,B,B,25,True
S11,Q1,A,A,26,True
S11,Q2,A,A,43,True
S11,Q3,A,A,55,True
S11,Q4,A,A,55,True
S11,Q5,A,A,27,True
S11,Q6,A,A,47,True
S11,Q7,A,A,23,True
S11,Q8,D,A,39,False
S11,Q9,A,A,56,True
S11,Q10,A,A,29,True
S11,Q11,B,A,26,False
S11,Q12,D,A,43,False
S11,Q13,A,A,37,True
S11,Q14,C,A,55,False
S11,Q15,D,A,59,False
S11,Q16,D,A,21,False
S11,Q17,D,A,37,False
S11,Q18,A,A,37,True
S11,Q19,C,A,41,False
S11,Q20,B,A,29,False
S11,Q21,A,A,45,True
S11,Q22,A,A,60,True
S11,Q23,B,A,53,False
S11,Q24,A,A,46,True
S11,Q25,A,A,30,True
S11,Q26,A,A,40,True
S11,Q27,D,A,58,False
S11,Q28,A,A,23,True
S11,Q29,A,A,59,True
S11,Q30,A,A,25,True
S11,Q31,A,A,47,True
S11,Q32,A,A,48,True
S11,Q33,A,A,33,True
S11,Q34,B,A,42,False
S11,Q35,A,A,38,True
S11,Q36,D,A,51,False
S11,Q37,A,A,39,True
S11,Q38,A,A,45,True
S11,Q39,B,A,20,False
S11,Q40,A,A,33,True
S11,Q41,C,B,38,False
S11,Q42,B,B,20,True
S11,Q43,A,A,47,True
S11,Q44,A,A,44,True
S11,Q45,A,A,34,True
S11,Q46,B,B,42,True
S11,Q47,A,A,22,True
S11,Q48,B,B,49,True
S11,Q49,C,B,56,False
S11,Q50,B,B,45,True
S12,Q1,C,A,38,False
S12,Q2,A,A,21,True
S12,Q3,B,A,59,False
S12,Q4,A,A,43,True
S12,Q5,A,A,26,True
S12,Q6,A,A,57,True
S12,Q7,A,A,25,True
S12,Q8,A,A,39,True
S12,Q9,B,A,41,False
S12,Q10,B,A,52,False
S12,Q11,A,A,53,True
S12,Q12,A,A,42,True
S12,Q13,A,A,29,True
S12,Q14,A,A,29,True
S12,Q15,A,A,31,True
S12,Q16,A,A,24,True
S12,Q17,A,A,60,True
S12,Q18,A,A,56,True
S12,Q19,A,A,48,True
S12,Q20,A,A,56,True
S12,Q21,D,A,40,False
S12,Q22,D,A,40,False
S12,Q23,A,A,24,True
S12,Q24,D,A,39,False
S12,Q25,D,A,23,False
S12,Q26,B,A,39,False
S12,Q27,B,A,23,False
S12,Q28,C,A,24,False
S12,Q29,B,A,59,False
S12,Q30,C,A,49,False
S12,Q31,A,A,22,True
S12,Q32,A,A,56,True
S12,Q33,C,A,58,False
S12,Q34,A,A,29,True
S12,Q35,C,A,26,False
S12,Q36,C,A,25,False
S12,Q37,A,A,31,True
S12,Q38,A,A,48,True
S12,Q39,D,A,53,False
S12,Q40,C,A,43,False
S12,Q41,C,B,46,False
S12,Q42,D,B,58,False
S12,Q43,A,A,60,True
S12,Q44,B,A,41,False
S12,Q45,A,A,44,True
S12,Q46,B,B,58,True
S12,Q47,C,A,25,False
S12,Q48,B,B,29,True
S12,Q49,C,B,45,False
S12,Q50,B,B,25,True
S13,Q1,A,A,44,True
S13,Q2,C,A,28,False
S13,Q3,D,A,53,False
S13,Q4,A,A,47,True
S13,Q5,A,A,21,True
S13,Q6,A,A,31,True
S13,Q7,C,A,51,False
S13,Q8,A,A,28,True
S13,Q9,A,A,38,True
S13,Q10,B,A,52,False
S13,Q11,D,A,53,False
S13,Q12,A,A,41,True
S13,Q13,D,A,28,False
S13,Q14,A,A,29,True
S13,Q15,A,A,59,True
S13,Q16,B,A,48,False
S13,Q17,A,A,43,True
S13,Q18,B,A,48,False
S13,Q19,D,A,48,False
S13,Q20,A,A,35,True
S13,Q21,A,A,50,True
S13,Q22,A,A,32,True
S13,Q23,A,A,56,True
S13,Q24,C,A,38,False
S13,Q25,A,A,52,True
S13,Q26,A,A,30,True
S13,Q27,A,A,58,True
S13,Q28,A,A,36,True
S13,Q29,A,A,50,True
S13,Q30,A,A,55,True
S13,Q31,D,A,53,False
S13,Q32,C,A,25,False
S13,Q33,C,A,48,False
S13,Q34,B,A,47,False
S13,Q35,A,A,34,True
S13,Q36,C,A,21,False
S13,Q37,C,A,52,False
S13,Q38,C,A,25,False
S13,Q39,B,A,40,False
S13,Q40,D,A,41,False
S13,Q41,A,B,22,False
S13,Q42,B,B,50,True
S13,Q43,B,A,50,False
S13,Q44,A,A,20,True
S13,Q45,B,A,36,False
S13,Q46,B,B,29,True
S13,Q47,A,A,58,True
S13,Q48,B,B,27,True
S13,Q49,A,B,39,False
S13,Q50,B,B,35,True
S14,Q1,A,A,59,True
S14,Q2,A,A,27,True
S14,Q3,C,A,58,False
S14,Q4,A,A,60,True
S14,Q5,A,A,35,True
S14,Q6,C,A,47,False
S14,Q7,A,A,42,True
S14,Q8,A,A,46,True
S14,Q9,A,A,25,True
S14,Q10,A,A,43,True
S14,Q11,A,A,53,True
S14,Q12,A,A,52,True
S14,Q13,A,A,44,True
S14,Q14,B,A,60,False
S14,Q15,A,A,43,True
S14,Q16,A,A,21,True
S14,Q17,A,A,24,True
S14,Q18,A,A,60,True
S14,Q19,A,A,57,True
S14,Q20,C,A,28,False
S14,Q21,A,A,54,True
S14,Q22,A,A,31,True
S14,Q23,D,A,49,False
S14,Q24,C,A,60,False
S14,Q25,A,A,28,True
S14,Q26,A,A,49,True
S14,Q27,A,A,32,True
S14,Q28,A,A,32,True
S14,Q29,C,A,39,False
S14,Q30,A,A,54,True
S14,Q31,A,A,22,True
S14,Q32,A,A,32,True
S14,Q33,A,A,23,True
S14,Q34,A,A,41,True
S14,Q35,A,A,43,True
S14,Q36,A,A,45,True
S14,Q37,A,A,44,True
S14,Q38,A,A,31,True
S14,Q39,A,A,51,True
S14,Q40,A,A,53,True
S14,Q41,A,B,47,False
S14,Q42,B,B,58,True
S14,Q43,B,A,54,False
S14,Q44,B,A,25,False
S14,Q45,C,A,39,False
S14,Q46,D,B,47,False
S14,Q47,A,A,48,True
S14,Q48,A,B,42,False
S14,Q49,C,B,37,False
S14,Q50,A,B,24,False
S15,Q1,C,A,43,False
S15,Q2,D,A,30,False
S15,Q3,B,A,58,False
S15,Q4,C,A,22,False
S15,Q5,A,A,35,True
S15,Q6,C,A,43,False
S15,Q7,D,A,22,False
S15,Q8,D,A,48,False
S15,Q9,C,A,48,False
S15,Q10,D,A,28,False
S15,Q11,A,A,45,True
S15,Q12,A,A,37,True
S15,Q13,A,A,27,True
S15,Q14,A,A,31,True
S15,Q15,A,A,44,True
S15,Q16,B,A,36,False
S15,Q17,D,A,48,False
S15,Q18,A,A,59,True
S15,Q19,A,A,51,True
S15,Q20,A,A,28,True
S15,Q21,C,A,31,False
S15,Q22,C,A,25,False
S15,Q23,C,A,42,False
S15,Q24,D,A,54,False
S15,Q25,A,A,39,True
S15,Q26,D,A,60,False
S15,Q27,A,A,43,True
S15,Q28,A,A,27,True
S15,Q29,B,A,35,False
S15,Q30,B,A,43,False
S15,Q31,A,A,43,True
S15,Q32,A,A,55,True
S15,Q33,A,A,25,True
S15,Q34,A,A,45,True
S15,Q35,D,A,50,False
S15,Q36,A,A,46,True
S15,Q37,B,A,28,False
S15,Q38,D,A,24,False
S15,Q39,A,A,53,True
S15,Q40,A,A,55,True
S15,Q41,B,B,31,True
S15,Q42,B,B,28,True
S15,Q43,A,A,23,True
S15,Q44,A,A,53,True
S15,Q45,A,A,30,True
S15,Q46,B,B,34,True
S15,Q47,A,A,53,True
S15,Q48,B,B,25,True
S15,Q49,B,B,60,True
S15,Q50,C,B,28,False
S16,Q1,A,A,59,True
S16,Q2,A,A,52,True
S16,Q3,A,A,57,True
S16,Q4,A,A,29,True
S16,Q5,A,A,59,True
S16,Q6,A,A,58,True
S16,Q7,A,A,56,True
S16,Q8,A,A,21,True
S16,Q9,A,A,56,True
S16,Q10,A,A,33,True
S16,Q11,C,A,59,False
S16,Q12,C,A,60,False
S16,Q13,D,A,39,False
S16,Q14,D,A,45,False
S16,Q15,B,A,23,False
S16,Q16,A,A,46,True
S16,Q17,B,A,41,False
S16,Q18,C,A,40,False
S16,Q19,C,A,45,False
S16,Q20,A,A,43,True
S16,Q21,A,A,26,True
S16,Q22,A,A,49,True
S16,Q23,A,A,48,True
S16,Q24,A,A,26,True
S16,Q25,A,A,44,True
S16,Q26,C,A,35,False
S16,Q27,B,A,40,False
S16,Q28,D,A,40,False
S16,Q29,A,A,30,True
S16,Q30,A,A,52,True
S16,Q31,A,A,39,True
S16,Q32,A,A,25,True
S16,Q33,D,A,49,False
S16,Q34,B,A,57,False
S16,Q35,A,A,23,True
S16,Q36,A,A,58,True
S16,Q37,D,A,50,False
S16,Q38,A,A,20,True
S16,Q39,C,A,28,False
S16,Q40,D,A,43,False
S16,Q41,C,B,22,False
S16,Q42,B,B,56,True
S16,Q43,A,A,43,True
S16,Q44,A,A,24,True
S16,Q45,A,A,48,True
S16,Q46,C,B,59,False
S16,Q47,B,A,28,False
S16,Q48,C,B,43,False
S16,Q49,C,B,55,False
S16,Q50,A,B,32,False
S17,Q1,C,A,52,False
S17,Q2,A,A,22,True
S17,Q3,A,A,41,True
S17,Q4,D,A,49,False
S17,Q5,A,A,52,True
S17,Q6,A,A,59,True
S17,Q7,A,A,45,True
S17,Q8,D,A,39,False
S17,Q9,A,A,52,True
S17,Q10,D,A,51,False
S17,Q11,A,A,39,True
S17,Q12,A,A,21,True
S17,Q13,A,A,27,True
S17,Q14,D,A,39,False
S17,Q15,A,A,60,True
S17,Q16,A,A,50,True
S17,Q17,A,A,57,True
S17,Q18,A,A,23,True
S17,Q19,A,A,30,True
S17,Q20,A,A,59,True
S17,Q21,C,A,29,False
S17,Q22,B,A,22,False
S17,Q23,D,A,27,False
S17,Q24,A,A,48,True
S17,Q25,B,A,46,False
S17,Q26,C,A,52,False
S17,Q27,C,A,23,False
S17,Q28,D,A,33,False
S17,Q29,D,A,50,False
S17,Q30,C,A,31,False
S17,Q31,A,A,54,True
S17,Q32,A,A,42,True
S17,Q33,D,A,36,False
S17,Q34,B,A,35,False
S17,Q35,A,A,39,True
S17,Q36,A,A,39,True
S17,Q37,D,A,33,False
S17,Q38,C,A,40,False
S17,Q39,A,A,55,True
S17,Q40,D,A,37,False
S17,Q41,B,B,56,True
S17,Q42,C,B,45,False
S17,Q43,B,A,38,False
S17,Q44,A,A,25,True
S17,Q45,A,A,48,True
S17,Q46,D,B,50,False
S17,Q47,A,A,54,True
S17,Q48,B,B,55,True
S17,Q49,A,B,26,False
S17,Q50,D,B,35,False
S18,Q1,A,A,53,True
S18,Q2,A,A,34,True
S18,Q3,A,A,46,True
S18,Q4,A,A,50,True
S18,Q5,A,A,28,True
S18,Q6,A,A,55,True
S18,Q7,B,A,46,False
S18,Q8,C,A,50,False
S18,Q9,C,A,40,False
S18,Q10,A,A,23,True
S18,Q11,B,A,56,False
S18,Q12,A,A,22,True
S18,Q13,B,A,46,False
S18,Q14,B,A,22,False
S18,Q15,C,A,51,False
S18,Q16,A,A,38,True
S18,Q17,B,A,39,False
S18,Q18,A,A,26,True
S18,Q19,C,A,38,False
S18,Q20,A,A,54,True
S18,Q21,A,A,28,True
S18,Q22,A,A,49,True
S18,Q23,A,A,27,True
S18,Q24,A,A,49,True
S18,Q25,A,A,31,True
S18,Q26,A,A,41,True
S18,Q27,A,A,56,True
S18,Q28,A,A,32,True
S18,Q29,A,A,60,True
S18,Q30,A,A,47,True
S18,Q31,B,A,45,False
S18,Q32,B,A,28,False
S18,Q33,B,A,20,False
S18,Q34,B,A,48,False
S18,Q35,C,A,39,False
S18,Q36,D,A,20,False
S18,Q37,C,A,35,False
S18,Q38,A,A,27,True
S18,Q39,B,A,45,False
S18,Q40,D,A,39,False
S18,Q41,D,B,38,False
S18,Q42,B,B,34,True
S18,Q43,A,A,28,True
S18,Q44,A,A,49,True
S18,Q45,D,A,43,False
S18,Q46,B,B,55,True
S18,Q47,D,A,33,False
S18,Q48,D,B,58,False
S18,Q49,A,B,53,False
S18,Q50,B,B,43,True
S19,Q1,A,A,56,True
S19,Q2,A,A,55,True
S19,Q3,B,A,56,False
S19,Q4,A,A,30,True
S19,Q5,A,A,53,True
S19,Q6,A,A,33,True
S19,Q7,C,A,25,False
S19,Q8,C,A,23,False
S19,Q9,A,A,52,True
S19,Q10,A,A,56,True
S19,Q11,A,A,49,True
S19,Q12,C,A,21,False
S19,Q13,A,A,20,True
S19,Q14,D,A,24,False
S19,Q15,A,A,42,True
S19,Q16,D,A,23,False
S19,Q17,B,A,50,False
S19,Q18,A,A,46,True
S19,Q19,A,A,28,True
S19,Q20,D,A,46,False
S19,Q21,A,A,44,True
S19,Q22,A,A,44,True
S19,Q23,A,A,54,True
S19,Q24,A,A,42,True
S19,Q25,A,A,54,True
S19,Q26,A,A,28,True
S19,Q27,B,A,20,False
S19,Q28,C,A,49,False
S19,Q29,D,A,47,False
S19,Q30,A,A,34,True
S19,Q31,A,A,42,True
S19,Q32,A,A,32,True
S19,Q33,A,A,27,True
S19,Q34,A,A,46,True
S19,Q35,A,A,21,True
S19,Q36,A,A,24,True
S19,Q37,A,A,22,True
S19,Q38,A,A,23,True
S19,Q39,A,A,22,True
S19,Q40,A,A,34,True
S19,Q41,A,B,28,False
S19,Q42,C,B,34,False
S19,Q43,D,A,56,False
S19,Q44,D,A,40,False
S19,Q45,B,A,53,False
S19,Q46,C,B,37,False
S19,Q47,A,A,57,True
S19,Q48,A,B,60,False
S19,Q49,D,B,51,False
S19,Q50,B,B,42,True
S20,Q1,D,A,44,False
S20,Q2,C,A,46,False
S20,Q3,C,A,44,False
S20,Q4,A,A,54,True
S20,Q5,B,A,39,False
S20,Q6,B,A,49,False
S20,Q7,D,A,46,False
S20,Q8,D,A,53,False
S20,Q9,A,A,35,True
S20,Q10,C,A,25,False
S20,Q11,C,A,25,False
S20,Q12,A,A,32,True
S20,Q13,A,A,44,True
S20,Q14,D,A,22,False
S20,Q15,B,A,57,False
S20,Q16,D,A,33,False
S20,Q17,A,A,41,True
S20,Q18,A,A,20,True
S20,Q19,A,A,32,True
S20,Q20,B,A,50,False
S20,Q21,D,A,58,False
S20,Q22,C,A,35,False
S20,Q23,A,A,38,True
S20,Q24,A,A,54,True
S20,Q25,C,A,36,False
S20,Q26,A,A,51,True
S20,Q27,A,A,50,True
S20,Q28,C,A,33,False
S20,Q29,A,A,46,True
S20,Q30,A,A,34,True
S20,Q31,B,A,36,False
S20,Q32,A,A,57,True
S20,Q33,A,A,46,True
S20,Q34,A,A,32,True
S20,Q35,A,A,44,True
S20,Q36,A,A,35,True
S20,Q37,A,A,41,True
S20,Q38,A,A,51,True
S20,Q39,D,A,51,False
S20,Q40,A,A,42,True
S20,Q41,B,B,54,True
S20,Q42,B,B,54,True
S20,Q43,B,A,53,False
S20,Q44,A,A,24,True
S20,Q45,A,A,23,True
S20,Q46,B,B,46,True
S20,Q47,A,A,60,True
S20,Q48,B,B,29,True
S20,Q49,B,B,52,True
S20,Q50,B,B,23,True
S21,Q1,A,A,59,True
S21,Q2,A,A,51,True
S21,Q3,A,A,54,True
S21,Q4,A,A,20,True
S21,Q5,A,A,37,True
S21,Q6,A,A,38,True
S21,Q7,A,A,47,True
S21,Q8,A,A,31,True
S21,Q9,A,A,26,True
S21,Q10,A,A,35,True
S21,Q11,A,A,53,True
S21,Q12,C,A,37,False
S21,Q13,B,A,43,False
S21,Q14,C,A,56,False
S21,Q15,D,A,34,False
S21,Q16,B,A,22,False
S21,Q17,A,A,44,True
S21,Q18,C,A,23,False
S21,Q19,D,A,30,False
S21,Q20,A,A,47,True
S21,Q21,C,A,56,False
S21,Q22,B,A,53,False
S21,Q23,B,A,33,False
S21,Q24,D,A,56,False
S21,Q25,A,A,22,True
S21,Q26,D,A,37,False
S21,Q27,D,A,22,False
S21,Q28,A,A,40,True
S21,Q29,A,A,33,True
S21,Q30,A,A,45,True
S21,Q31,C,A,30,False
S21,Q32,A,A,56,True
S21,Q33,C,A,54,False
S21,Q34,A,A,28,True
S21,Q35,D,A,25,False
S21,Q36,A,A,42,True
S21,Q37,A,A,47,True
S21,Q38,A,A,24,True
S21,Q39,A,A,59,True
S21,Q40,C,A,40,False
S21,Q41,B,B,37,True
S21,Q42,C,B,51,False
S21,Q43,A,A,55,True
S21,Q44,C,A,31,False
S21,Q45,D,A,44,False
S21,Q46,B,B,59,True
S21,Q47,A,A,35,True
S21,Q48,A,B,37,False
S21,Q49,B,B,60,True
S21,Q50,B,B,44,True
S22,Q1,A,A,26,True
S22,Q2,A,A,39,True
S22,Q3,A,A,37,True
S22,Q4,A,A,25,True
S22,Q5,A,A,48,True
S22,Q6,A,A,52,True
S22,Q7,A,A,21,True
S22,Q8,A,A,55,True
S22,Q9,A,A,58,True
S22,Q10,C,A,20,False
S22,Q11,A,A,44,True
S22,Q12,A,A,55,True
S22,Q13,A,A,35,True
S22,Q14,A,A,30,True
S22,Q15,A,A,30,True
S22,Q16,A,A,39,True
S22,Q17,A,A,29,True
S22,Q18,A,A,47,True
S22,Q19,A,A,39,True
S22,Q20,A,A,24,True
S22,Q21,B,A,60,False
S22,Q22,D,A,32,False
S22,Q23,B,A,39,False
S22,Q24,A,A,45,True
S22,Q25,D,A,44,False
S22,Q26,C,A,48,False
S22,Q27,D,A,58,False
S22,Q28,A,A,40,True
S22,Q29,D,A,32,False
S22,Q30,B,A,45,False
S22,Q31,C,A,60,False
S22,Q32,A,A,56,True
S22,Q33,C,A,44,False
S22,Q34,A,A,45,True
S22,Q35,A,A,56,True
S22,Q36,A,A,54,True
S22,Q37,A,A,55,True
S22,Q38,A,A,49,True
S22,Q39,B,A,48,False
S22,Q40,D,A,24,False
S22,Q41,C,B,51,False
S22,Q42,B,B,39,True
S22,Q43,A,A,29,True
S22,Q44,C,A,24,False
S22,Q45,A,A,58,True
S22,Q46,B,B,45,True
S22,Q47,A,A,46,True
S22,Q48,B,B,43,True
S22,Q49,D,B,58,False
S22,Q50,A,B,26,False
S23,Q1,D,A,42,False
S23,Q2,A,A,59,True
S23,Q3,A,A,45,True
S23,Q4,C,A,47,False
S23,Q5,A,A,26,True
S23,Q6,A,A,52,True
S23,Q7,D,A,57,False
S23,Q8,B,A,48,False
S23,Q9,A,A,49,True
S23,Q10,D,A,52,False
S23,Q11,A,A,21,True
S23,Q12,A,A,38,True
S23,Q13,A,A,25,True
S23,Q14,A,A,29,True
S23,Q15,A,A,41,True
S23,Q16,A,A,33,True
S23,Q17,A,A,42,True
S23,Q18,A,A,48,True
S23,Q19,C,A,40,False
S23,Q20,A,A,22,True
S23,Q21,A,A,27,True
S23,Q22,A,A,41,True
S23,Q23,A,A,30,True
S23,Q24,A,A,35,True
S23,Q25,A,A,55,True
S23,Q26,A,A,55,True
S23,Q27,A,A,49,True
S23,Q28,A,A,45,True
S23,Q29,A,A,31,True
S23,Q30,A,A,47,True
S23,Q31,D,A,59,False
S23,Q32,C,A,57,False
S23,Q33,B,A,33,False
S23,Q34,D,A,24,False
S23,Q35,D,A,31,False
S23,Q36,B,A,49,False
S23,Q37,A,A,51,True
S23,Q38,D,A,40,False
S23,Q39,D,A,45,False
S23,Q40,C,A,42,False
S23,Q41,D,B,31,False
S23,Q42,D,B,39,False
S23,Q43,D,A,25,False
S23,Q44,C,A,27,False
S23,Q45,A,A,27,True
S23,Q46,B,B,29,True
S23,Q47,A,A,46,True
S23,Q48,B,B,56,True
S23,Q49,B,B,31,True
S23,Q50,B,B,54,True
S24,Q1,D,A,31,False
S24,Q2,A,A,51,True
S24,Q3,A,A,31,True
S24,Q4,A,A,48,True
S24,Q5,C,A,20,False
S24,Q6,A,A,32,True
S24,Q7,D,A,52,False
S24,Q8,C,A,51,False
S24,Q9,A,A,48,True
S24,Q10,A,A,25,True
S24,Q11,A,A,34,True
S24,Q12,A,A,37,True
S24,Q13,A,A,38,True
S24,Q14,A,A,49,True
S24,Q15,A,A,51,True
S24,Q16,A,A,27,True
S24,Q17,A,A,37,True
S24,Q18,C,A,54,False
S24,Q19,B,A,48,False
S24,Q20,A,A,47,True
S24,Q21,A,A,35,True
S24,Q22,A,A,22,True
S24,Q23,A,A,42,True
S24,Q24,B,A,48,False
S24,Q25,B,A,35,False
S24,Q26,A,A,57,True
S24,Q27,D,A,59,False
S24,Q28,B,A,59,False
S24,Q29,A,A,33,True
S24,Q30,B,A,56,False
S24,Q31,A,A,37,True
S24,Q32,A,A,30,True
S24,Q33,A,A,38,True
S24,Q34,A,A,37,True
S24,Q35,D,A,26,False
S24,Q36,A,A,46,True
S24,Q37,A,A,37,True
S24,Q38,A,A,28,True
S24,Q39,A,A,28,True
S24,Q40,A,A,40,True
S24,Q41,D,B,45,False
S24,Q42,D,B,60,False
S24,Q43,C,A,44,False
S24,Q44,D,A,25,False
S24,Q45,D,A,37,False
S24,Q46,C,B,49,False
S24,Q47,C,A,57,False
S24,Q48,B,B,25,True
S24,Q49,C,B,60,False
S24,Q50,C,B,24,False
S25,Q1,C,A,33,False
S25,Q2,B,A,51,False
S25,Q3,C,A,41,False
S25,Q4,B,A,56,False
S25,Q5,C,A,23,False
S25,Q6,A,A,60,True
S25,Q7,C,A,21,False
S25,Q8,A,A,30,True
S25,Q9,B,A,47,False
S25,Q10,D,A,28,False
S25,Q11,C,A,30,False
S25,Q12,C,A,25,False
S25,Q13,C,A,25,False
S25,Q14,A,A,30,True
S25,Q15,A,A,60,True
S25,Q16,A,A,34,True
S25,Q17,A,A,25,True
S25,Q18,B,A,33,False
S25,Q19,A,A,28,True
S25,Q20,A,A,53,True
S25,Q21,B,A,20,False
S25,Q22,B,A,47,False
S25,Q23,C,A,24,False
S25,Q24,A,A,25,True
S25,Q25,B,A,26,False
S25,Q26,A,A,39,True
S25,Q27,A,A,28,True
S25,Q28,D,A,29,False
S25,Q29,A,A,56,True
S25,Q30,A,A,30,True
S25,Q31,A,A,33,True
S25,Q32,B,A,46,False
S25,Q33,C,A,33,False
S25,Q34,A,A,26,True
S25,Q35,A,A,27,True
S25,Q36,A,A,44,True
S25,Q37,A,A,47,True
S25,Q38,A,A,28,True
S25,Q39,A,A,25,True
S25,Q40,A,A,58,True
S25,Q41,B,B,58,True
S25,Q42,B,B,21,True
S25,Q43,A,A,39,True
S25,Q44,A,A,58,True
S25,Q45,A,A,45,True
S25,Q46,B,B,23,True
S25,Q47,A,A,35,True
S25,Q48,B,B,27,True
S25,Q49,B,B,60,True
S25,Q50,B,B,53,True
S26,Q1,A,A,20,True
S26,Q2,C,A,28,False
S26,Q3,A,A,56,True
S26,Q4,A,A,54,True
S26,Q5,A,A,50,True
S26,Q6,B,A,21,False
S26,Q7,A,A,20,True
S26,Q8,A,A,22,True
S26,Q9,A,A,45,True
S26,Q10,A,A,60,True
S26,Q11,C,A,47,False
S26,Q12,B,A,60,False
S26,Q13,D,A,29,False
S26,Q14,C,A,25,False
S26,Q15,B,A,29,False
S26,Q16,C,A,57,False
S26,Q17,D,A,24,False
S26,Q18,C,A,35,False
S26,Q19,A,A,25,True
S26,Q20,B,A,49,False
S26,Q21,B,A,39,False
S26,Q22,D,A,31,False
S26,Q23,A,A,28,True
S26,Q24,B,A,51,False
S26,Q25,D,A,53,False
S26,Q26,D,A,36,False
S26,Q27,A,A,28,True
S26,Q28,C,A,27,False
S26,Q29,B,A,41,False
S26,Q30,C,A,53,False
S26,Q31,A,A,56,True
S26,Q32,C,A,49,False
S26,Q33,A,A,23,True
S26,Q34,A,A,56,True
S26,Q35,A,A,30,True
S26,Q36,A,A,26,True
S26,Q37,D,A,27,False
S26,Q38,A,A,52,True
S26,Q39,A,A,20,True
S26,Q40,A,A,50,True
S26,Q41,B,B,29,True
S26,Q42,B,B,22,True
S26,Q43,A,A,46,True
S26,Q44,A,A,35,True
S26,Q45,A,A,40,True
S26,Q46,B,B,24,True
S26,Q47,A,A,27,True
S26,Q48,B,B,23,True
S26,Q49,B,B,53,True
S26,Q50,C,B,24,False
S27,Q1,C,A,39,False
S27,Q2,A,A,55,True
S27,Q3,A,A,43,True
S27,Q4,A,A,56,True
S27,Q5,D,A,59,False
S27,Q6,A,A,43,True
S27,Q7,A,A,51,True
S27,Q8,B,A,54,False
S27,Q9,B,A,29,False
S27,Q10,A,A,46,True
S27,Q11,A,A,54,True
S27,Q12,A,A,20,True
S27,Q13,B,A,44,False
S27,Q14,A,A,39,True
S27,Q15,A,A,53,True
S27,Q16,C,A,51,False
S27,Q17,B,A,37,False
S27,Q18,A,A,34,True
S27,Q19,A,A,53,True
S27,Q20,A,A,43,True
S27,Q21,D,A,25,False
S27,Q22,D,A,28,False
S27,Q23,C,A,24,False
S27,Q24,B,A,47,False
S27,Q25,B,A,35,False
S27,Q26,C,A,45,False
S27,Q27,D,A,40,False
S27,Q28,C,A,34,False
S27,Q29,A,A,32,True
S27,Q30,A,A,57,True
S27,Q31,A,A,26,True
S27,Q32,A,A,49,True
S27,Q33,A,A,27,True
S27,Q34,A,A,33,True
S27,Q35,A,A,49,True
S27,Q36,A,A,27,True
S27,Q37,A,A,39,True
S27,Q38,D,A,58,False
S27,Q39,A,A,40,True
S27,Q40,A,A,35,True
S27,Q41,C,B,52,False
S27,Q42,B,B,39,True
S27,Q43,A,A,31,True
S27,Q44,A,A,45,True
S27,Q45,D,A,55,False
S27,Q46,B,B,49,True
S27,Q47,A,A,28,True
S27,Q48,B,B,23,True
S27,Q49,A,B,28,False
S27,Q50,B,B,45,True
S28,Q1,A,A,60,True
S28,Q2,B,A,57,False
S28,Q3,A,A,24,True
S28,Q4,A,A,24,True
S28,Q5,A,A,48,True
S28,Q6,B,A,41,False
S28,Q7,A,A,49,True
S28,Q8,A,A,56,True
S28,Q9,A,A,45,True
S28,Q10,A,A,44,True
S28,Q11,B,A,42,False
S28,Q12,A,A,31,True
S28,Q13,A,A,48,True
S28,Q14,B,A,59,False
S28,Q15,B,A,38,False
S28,Q16,A,A,55,True
S28,Q17,A,A,25,True
S28,Q18,A,A,28,True
S28,Q19,A,A,53,True
S28,Q20,A,A,54,True
S28,Q21,A,A,44,True
S28,Q22,A,A,42,True
S28,Q23,A,A,51,True
S28,Q24,A,A,56,True
S28,Q25,A,A,44,True
S28,Q26,A,A,21,True
S28,Q27,A,A,34,True
S28,Q28,A,A,37,True
S28,Q29,A,A,50,True
S28,Q30,A,A,57,True
S28,Q31,B,A,26,False
S28,Q32,B,A,37,False
S28,Q33,D,A,23,False
S28,Q34,B,A,56,False
S28,Q35,C,A,42,False
S28,Q36,B,A,31,False
S28,Q37,C,A,42,False
S28,Q38,B,A,42,False
S28,Q39,D,A,29,False
S28,Q40,B,A,51,False
S28,Q41,B,B,31,True
S28,Q42,B,B,25,True
S28,Q43,A,A,58,True
S28,Q44,A,A,53,True
S28,Q45,A,A,41,True
S28,Q46,A,B,28,False
S28,Q47,A,A,31,True
S28,Q48,C,B,23,False
S28,Q49,B,B,57,True
S28,Q50,A,B,27,False
S29,Q1,C,A,24,False
S29,Q2,A,A,45,True
S29,Q3,A,A,41,True
S29,Q4,A,A,28,True
S29,Q5,D,A,47,False
S29,Q6,C,A,40,False
S29,Q7,A,A,55,True
S29,Q8,D,A,42,False
S29,Q9,A,A,57,True
S29,Q10,C,A,39,False
S29,Q11,C,A,28,False
S29,Q12,A,A,20,True
S29,Q13,D,A,45,False
S29,Q14,D,A,22,False
S29,Q15,A,A,40,True
S29,Q16,D,A,34,False
S29,Q17,B,A,51,False
S29,Q18,A,A,24,True
S29,Q19,A,A,40,True
S29,Q20,A,A,25,True
S29,Q21,D,A,60,False
S29,Q22,C,A,48,False
S29,Q23,A,A,33,True
S29,Q24,A,A,24,True
S29,Q25,A,A,26,True
S29,Q26,B,A,44,False
S29,Q27,A,A,46,True
S29,Q28,C,A,51,False
S29,Q29,C,A,54,False
S29,Q30,A,A,50,True
S29,Q31,A,A,56,True
S29,Q32,A,A,34,True
S29,Q33,A,A,24,True
S29,Q34,A,A,22,True
S29,Q35,A,A,40,True
S29,Q36,A,A,26,True
S29,Q37,A,A,30,True
S29,Q38,A,A,30,True
S29,Q39,A,A,55,True
S29,Q40,A,A,25,True
S29,Q41,D,B,50,False
S29,Q42,C,B,30,False
S29,Q43,C,A,30,False
S29,Q44,A,A,41,True
S29,Q45,B,A,46,False
S29,Q46,D,B,54,False
S29,Q47,C,A,39,False
S29,Q48,A,B,45,False
S29,Q49,C,B,29,False
S29,Q50,B,B,20,True
S30,Q1,C,A,60,False
S30,Q2,B,A,26,False
S30,Q3,A,A,30,True
S30,Q4,B,A,50,False
S30,Q5,C,A,45,False
S30,Q6,D,A,36,False
S30,Q7,A,A,54,True
S30,Q8,C,A,44,False
S30,Q9,C,A,22,False
S30,Q10,C,A,36,False
S30,Q11,A,A,37,True
S30,Q12,A,A,29,True
S30,Q13,D,A,26,False
S30,Q14,A,A,42,True
S30,Q15,C,A,57,False
S30,Q16,A,A,23,True
S30,Q17,D,A,46,False
S30,Q18,D,A,50,False
S30,Q19,A,A,35,True
S30,Q20,A,A,25,True
S30,Q21,A,A,22,True
S30,Q22,A,A,53,True
S30,Q23,D,A,59,False
S30,Q24,A,A,48,True
S30,Q25,A,A,30,True
S30,Q26,B,A,28,False
S30,Q27,A,A,25,True
S30,Q28,C,A,32,False
S30,Q29,D,A,29,False
S30,Q30,C,A,40,False
S30,Q31,B,A,25,False
S30,Q32,A,A,45,True
S30,Q33,A,A,37,True
S30,Q34,A,A,20,True
S30,Q35,D,A,57,False
S30,Q36,A,A,46,True
S30,Q37,A,A,29,True
S30,Q38,A,A,57,True
S30,Q39,A,A,26,True
S30,Q40,D,A,26,False
S30,Q41,B,B,54,True
S30,Q42,B,B,46,True
S30,Q43,A,A,51,True
S30,Q44,A,A,50,True
S30,Q45,A,A,37,True
S30,Q46,B,B,59,True
S30,Q47,A,A,45,True
S30,Q48,B,B,41,True
S30,Q49,B,B,23,True
S30,Q50,B,B,37,True
S31,Q1,A,A,21,True
S31,Q2,A,A,39,True
S31,Q3,A,A,51,True
S31,Q4,A,A,26,True
S31,Q5,B,A,28,False
S31,Q6,A,A,48,True
S31,Q7,A,A,40,True
S31,Q8,A,A,46,True
S31,Q9,A,A,25,True
S31,Q10,A,A,33,True
S31,Q11,C,A,51,False
S31,Q12,C,A,23,False
S31,Q13,B,A,24,False
S31,Q14,D,A,45,False
S31,Q15,A,A,53,True
S31,Q16,B,A,31,False
S31,Q17,A,A,32,True
S31,Q18,B,A,22,False
S31,Q19,C,A,32,False
S31,Q20,C,A,52,False
S31,Q21,A,A,27,True
S31,Q22,B,A,43,False
S31,Q23,A,A,48,True
S31,Q24,A,A,50,True
S31,Q25,A,A,42,True
S31,Q26,A,A,36,True
S31,Q27,D,A,25,False
S31,Q28,A,A,44,True
S31,Q29,A,A,56,True
S31,Q30,B,A,34,False
S31,Q31,D,A,33,False
S31,Q32,A,A,46,True
S31,Q33,A,A,20,True
S31,Q34,A,A,28,True
S31,Q35,D,A,20,False
S31,Q36,A,A,58,True
S31,Q37,C,A,37,False
S31,Q38,A,A,44,True
S31,Q39,C,A,36,False
S31,Q40,A,A,39,True
S31,Q41,D,B,45,False
S31,Q42,B,B,20,True
S31,Q43,A,A,43,True
S31,Q44,A,A,58,True
S31,Q45,C,A,26,False
S31,Q46,B,B,41,True
S31,Q47,D,A,40,False
S31,Q48,C,B,39,False
S31,Q49,B,B,53,True
S31,Q50,A,B,58,False
S32,Q1,A,A,40,True
S32,Q2,D,A,21,False
S32,Q3,C,A,36,False
S32,Q4,C,A,44,False
S32,Q5,D,A,56,False
S32,Q6,C,A,34,False
S32,Q7,D,A,50,False
S32,Q8,D,A,42,False
S32,Q9,A,A,30,True
S32,Q10,D,A,31,False
S32,Q11,A,A,50,True
S32,Q12,A,A,36,True
S32,Q13,A,A,55,True
S32,Q14,A,A,31,True
S32,Q15,A,A,41,True
S32,Q16,A,A,34,True
S32,Q17,A,A,39,True
S32,Q18,A,A,41,True
S32,Q19,A,A,57,True
S32,Q20,A,A,27,True
S32,Q21,D,A,57,False
S32,Q22,D,A,24,False
S32,Q23,B,A,52,False
S32,Q24,A,A,44,True
S32,Q25,C,A,23,False
S32,Q26,B,A,28,False
S32,Q27,C,A,46,False
S32,Q28,C,A,29,False
S32,Q29,D,A,31,False
S32,Q30,C,A,41,False
S32,Q31,B,A,40,False
S32,Q32,B,A,48,False
S32,Q33,A,A,30,True
S32,Q34,A,A,30,True
S32,Q35,A,A,25,True
S32,Q36,A,A,47,True
S32,Q37,C,A,47,False
S32,Q38,C,A,20,False
S32,Q39,A,A,32,True
S32,Q40,B,A,40,False
S32,Q41,D,B,32,False
S32,Q42,B,B,20,True
S32,Q43,B,A,34,False
S32,Q44,C,A,39,False
S32,Q45,A,A,44,True
S32,Q46,B,B,39,True
S32,Q47,A,A,22,True
S32,Q48,B,B,38,True
S32,Q49,B,B,53,True
S32,Q50,B,B,41,True
S33,Q1,A,A,28,True
S33,Q2,A,A,51,True
S33,Q3,A,A,32,True
S33,Q4,A,A,45,True
S33,Q5,A,A,34,True
S33,Q6,B,A,33,False
S33,Q7,D,A,52,False
S33,Q8,A,A,43,True
S33,Q9,B,A,44,False
S33,Q10,C,A,54,False
S33,Q11,D,A,23,False
S33,Q12,D,A,21,False
S33,Q13,A,A,27,True
S33,Q14,A,A,44,True
S33,Q15,A,A,36,True
S33,Q16,A,A,29,True
S33,Q17,A,A,60,True
S33,Q18,A,A,46,True
S33,Q19,D,A,53,False
S33,Q20,A,A,58,True
S33,Q21,A,A,46,True
S33,Q22,A,A,26,True
S33,Q23,A,A,59,True
S33,Q24,A,A,27,True
S33,Q25,A,A,51,True
S33,Q26,A,A,32,True
S33,Q27,A,A,53,True
S33,Q28,C,A,46,False
S33,Q29,A,A,22,True
S33,Q30,A,A,33,True
S33,Q31,C,A,41,False
S33,Q32,B,A,25,False
S33,Q33,D,A,51,False
S33,Q34,A,A,25,True
S33,Q35,B,A,26,False
S33,Q36,D,A,34,False
S33,Q37,C,A,36,False
S33,Q38,B,A,31,False
S33,Q39,C,A,43,False
S33,Q40,C,A,47,False
S33,Q41,A,B,22,False
S33,Q42,B,B,28,True
S33,Q43,B,A,41,False
S33,Q44,A,A,48,True
S33,Q45,C,A,25,False
S33,Q46,B,B,41,True
S33,Q47,A,A,45,True
S33,Q48,B,B,49,True
S33,Q49,B,B,44,True
S33,Q50,C,B,46,False
S34,Q1,B,A,27,False
S34,Q2,A,A,23,True
S34,Q3,B,A,26,False
S34,Q4,A,A,57,True
S34,Q5,A,A,56,True
S34,Q6,B,A,59,False
S34,Q7,A,A,42,True
S34,Q8,D,A,28,False
S34,Q9,A,A,51,True
S34,Q10,A,A,46,True
S34,Q11,A,A,24,True
S34,Q12,A,A,40,True
S34,Q13,A,A,53,True
S34,Q14,D,A,56,False
S34,Q15,A,A,41,True
S34,Q16,A,A,59,True
S34,Q17,A,A,35,True
S34,Q18,A,A,44,True
S34,Q19,A,A,55,True
S34,Q20,D,A,23,False
S34,Q21,A,A,30,True
S34,Q22,A,A,50,True
S34,Q23,B,A,24,False
S34,Q24,C,A,35,False
S34,Q25,A,A,37,True
S34,Q26,A,A,34,True
S34,Q27,A,A,44,True
S34,Q28,A,A,35,True
S34,Q29,A,A,48,True
S34,Q30,C,A,25,False
S34,Q31,A,A,48,True
S34,Q32,A,A,51,True
S34,Q33,A,A,21,True
S34,Q34,A,A,46,True
S34,Q35,A,A,55,True
S34,Q36,A,A,25,True
S34,Q37,A,A,59,True
S34,Q38,A,A,52,True
S34,Q39,A,A,49,True
S34,Q40,C,A,23,False
S34,Q41,C,B,41,False
S34,Q42,D,B,58,False
S34,Q43,D,A,43,False
S34,Q44,B,A,26,False
S34,Q45,B,A,20,False
S34,Q46,D,B,38,False
S34,Q47,C,A,26,False
S34,Q48,B,B,30,True
S34,Q49,D,B,46,False
S34,Q50,B,B,59,True
S35,Q1,A,A,27,True
S35,Q2,C,A,33,False
S35,Q3,B,A,41,False
S35,Q4,A,A,46,True
S35,Q5,A,A,60,True
S35,Q6,D,A,27,False
S35,Q7,C,A,49,False
S35,Q8,D,A,28,False
S35,Q9,B,A,53,False
S35,Q10,D,A,47,False
S35,Q11,C,A,52,False
S35,Q12,B,A,57,False
S35,Q13,A,A,28,True
S35,Q14,A,A,58,True
S35,Q15,C,A,52,False
S35,Q16,C,A,58,False
S35,Q17,B,A,37,False
S35,Q18,A,A,41,True
S35,Q19,C,A,28,False
S35,Q20,A,A,58,True
S35,Q21,D,A,52,False
S35,Q22,A,A,55,True
S35,Q23,D,A,55,False
S35,Q24,B,A,33,False
S35,Q25,C,A,42,False
S35,Q26,B,A,31,False
S35,Q27,A,A,60,True
S35,Q28,A,A,27,True
S35,Q29,D,A,50,False
S35,Q30,A,A,46,True
S35,Q31,D,A,38,False
S35,Q32,C,A,20,False
S35,Q33,A,A,21,True
S35,Q34,A,A,23,True
S35,Q35,B,A,37,False
S35,Q36,B,A,38,False
S35,Q37,B,A,23,False
S35,Q38,C,A,33,False
S35,Q39,B,A,42,False
S35,Q40,B,A,59,False
S35,Q41,B,B,55,True
S35,Q42,B,B,55,True
S35,Q43,A,A,52,True
S35,Q44,A,A,38,True
S35,Q45,A,A,23,True
S35,Q46,B,B,44,True
S35,Q47,A,A,40,True
S35,Q48,A,B,20,False
S35,Q49,B,B,32,True
S35,Q50,B,B,48,True
S36,Q1,A,A,60,True
S36,Q2,A,A,43,True
S36,Q3,A,A,54,True
S36,Q4,A,A,32,True
S36,Q5,A,A,32,True
S36,Q6,A,A,31,True
S36,Q7,B,A,31,False
S36,Q8,D,A,52,False
S36,Q9,A,A,22,True
S36,Q10,A,A,55,True
S36,Q11,B,A,57,False
S36,Q12,B,A,41,False
S36,Q13,B,A,22,False
S36,Q14,A,A,40,True
S36,Q15,D,A,59,False
S36,Q16,C,A,51,False
S36,Q17,D,A,42,False
S36,Q18,A,A,40,True
S36,Q19,B,A,53,False
S36,Q20,A,A,52,True
S36,Q21,A,A,54,True
S36,Q22,A,A,25,True
S36,Q23,A,A,33,True
S36,Q24,C,A,43,False
S36,Q25,A,A,59,True
S36,Q26,A,A,55,True
S36,Q27,D,A,20,False
S36,Q28,A,A,42,True
S36,Q29,A,A,59,True
S36,Q30,B,A,22,False
S36,Q31,C,A,44,False
S36,Q32,B,A,44,False
S36,Q33,A,A,38,True
S36,Q34,A,A,53,True
S36,Q35,C,A,52,False
S36,Q36,C,A,51,False
S36,Q37,A,A,32,True
S36,Q38,A,A,25,True
S36,Q39,B,A,54,False
S36,Q40,A,A,60,True
S36,Q41,B,B,60,True
S36,Q42,D,B,47,False
S36,Q43,B,A,54,False
S36,Q44,D,A,47,False
S36,Q45,B,A,29,False
S36,Q46,B,B,41,True
S36,Q47,A,A,24,True
S36,Q48,B,B,36,True
S36,Q49,B,B,56,True
S36,Q50,C,B,46,False
S37,Q1,A,A,60,True
S37,Q2,A,A,40,True
S37,Q3,A,A,27,True
S37,Q4,A,A,59,True
S37,Q5,A,A,57,True
S37,Q6,A,A,24,True
S37,Q7,A,A,52,True
S37,Q8,A,A,39,True
S37,Q9,C,A,48,False
S37,Q10,A,A,21,True
S37,Q11,A,A,54,True
S37,Q12,A,A,45,True
S37,Q13,A,A,54,True
S37,Q14,A,A,60,True
S37,Q15,A,A,43,True
S37,Q16,B,A,55,False
S37,Q17,A,A,29,True
S37,Q18,A,A,20,True
S37,Q19,A,A,45,True
S37,Q20,A,A,25,True
S37,Q21,D,A,42,False
S37,Q22,D,A,52,False
S37,Q23,A,A,31,True
S37,Q24,C,A,32,False
S37,Q25,A,A,56,True
S37,Q26,D,A,49,False
S37,Q27,B,A,38,False
S37,Q28,C,A,26,False
S37,Q29,A,A,57,True
S37,Q30,C,A,42,False
S37,Q31,A,A,35,True
S37,Q32,A,A,59,True
S37,Q33,A,A,32,True
S37,Q34,A,A,48,True
S37,Q35,A,A,39,True
S37,Q36,B,A,56,False
S37,Q37,A,A,40,True
S37,Q38,B,A,20,False
S37,Q39,A,A,34,True
S37,Q40,D,A,47,False
S37,Q41,B,B,43,True
S37,Q42,B,B,41,True
S37,Q43,C,A,48,False
S37,Q44,A,A,39,True
S37,Q45,A,A,26,True
S37,Q46,B,B,58,True
S37,Q47,A,A,37,True
S37,Q48,A,B,54,False
S37,Q49,B,B,60,True
S37,Q50,B,B,24,True
S38,Q1,D,A,60,False
S38,Q2,A,A,57,True
S38,Q3,A,A,57,True
S38,Q4,A,A,22,True
S38,Q5,A,A,54,True
S38,Q6,D,A,50,False
S38,Q7,B,A,43,False
S38,Q8,A,A,57,True
S38,Q9,C,A,28,False
S38,Q10,A,A,52,True
S38,Q11,A,A,43,True
S38,Q12,A,A,35,True
S38,Q13,D,A,30,False
S38,Q14,B,A,48,False
S38,Q15,A,A,56,True
S38,Q16,D,A,29,False
S38,Q17,C,A,42,False
S38,Q18,A,A,51,True
S38,Q19,A,A,36,True
S38,Q20,A,A,22,True
S38,Q21,A,A,53,True
S38,Q22,A,A,43,True
S38,Q23,A,A,49,True
S38,Q24,A,A,22,True
S38,Q25,C,A,26,False
S38,Q26,A,A,53,True
S38,Q27,A,A,37,True
S38,Q28,A,A,36,True
S38,Q29,A,A,56,True
S38,Q30,A,A,44,True
S38,Q31,D,A,24,False
S38,Q32,C,A,34,False
S38,Q33,C,A,42,False
S38,Q34,C,A,58,False
S38,Q35,A,A,28,True
S38,Q36,B,A,24,False
S38,Q37,C,A,33,False
S38,Q38,A,A,30,True
S38,Q39,D,A,27,False
S38,Q40,C,A,41,False
S38,Q41,C,B,50,False
S38,Q42,B,B,57,True
S38,Q43,A,A,46,True
S38,Q44,A,A,22,True
S38,Q45,A,A,57,True
S38,Q46,B,B,60,True
S38,Q47,A,A,56,True
S38,Q48,B,B,30,True
S38,Q49,B,B,31,True
S38,Q50,B,B,45,True
S39,Q1,A,A,56,True
S39,Q2,D,A,38,False
S39,Q3,B,A,48,False
S39,Q4,C,A,50,False
S39,Q5,A,A,46,True
S39,Q6,D,A,31,False
S39,Q7,D,A,36,False
S39,Q8,A,A,41,True
S39,Q9,D,A,57,False
S39,Q10,A,A,44,True
S39,Q11,A,A,26,True
S39,Q12,A,A,53,True
S39,Q13,D,A,46,False
S39,Q14,D,A,26,False
S39,Q15,A,A,59,True
S39,Q16,A,A,54,True
S39,Q17,A,A,27,True
S39,Q18,A,A,28,True
S39,Q19,D,A,20,False
S39,Q20,D,A,47,False
S39,Q21,A,A,43,True
S39,Q22,D,A,53,False
S39,Q23,A,A,50,True
S39,Q24,C,A,42,False
S39,Q25,A,A,56,True
S39,Q26,A,A,28,True
S39,Q27,A,A,34,True
S39,Q28,B,A,38,False
S39,Q29,A,A,54,True
S39,Q30,A,A,32,True
S39,Q31,A,A,20,True
S39,Q32,A,A,27,True
S39,Q33,A,A,44,True
S39,Q34,A,A,40,True
S39,Q35,A,A,26,True
S39,Q36,A,A,57,True
S39,Q37,A,A,54,True
S39,Q38,A,A,43,True
S39,Q39,A,A,45,True
S39,Q40,A,A,46,True
S39,Q41,D,B,50,False
S39,Q42,B,B,55,True
S39,Q43,C,A,39,False
S39,Q44,D,A,45,False
S39,Q45,D,A,27,False
S39,Q46,C,B,30,False
S39,Q47,A,A,52,True
S39,Q48,C,B,55,False
S39,Q49,D,B,23,False
S39,Q50,B,B,60,True
S40,Q1,A,A,25,True
S40,Q2,C,A,58,False
S40,Q3,B,A,36,False
S40,Q4,B,A,58,False
S40,Q5,A,A,44,True
S40,Q6,C,A,59,False
S40,Q7,C,A,58,False
S40,Q8,A,A,31,True
S40,Q9,C,A,20,False
S40,Q10,D,A,53,False
S40,Q11,A,A,22,True
S40,Q12,D,A,53,False
S40,Q13,D,A,30,False
S40,Q14,C,A,35,False
S40,Q15,B,A,25,False
S40,Q16,C,A,42,False
S40,Q17,C,A,57,False
S40,Q18,A,A,20,True
S40,Q19,B,A,25,False
S40,Q20,A,A,55,True
S40,Q21,C,A,42,False
S40,Q22,C,A,34,False
S40,Q23,B,A,49,False
S40,Q24,D,A,20,False
S40,Q25,A,A,46,True
S40,Q26,A,A,55,True
S40,Q27,A,A,38,True
S40,Q28,A,A,27,True
S40,Q29,C,A,54,False
S40,Q30,D,A,36,False
S40,Q31,C,A,56,False
S40,Q32,A,A,35,True
S40,Q33,C,A,49,False
S40,Q34,B,A,50,False
S40,Q35,A,A,24,True
S40,Q36,A,A,34,True
S40,Q37,B,A,40,False
S40,Q38,A,A,42,True
S40,Q39,A,A,20,True
S40,Q40,C,A,35,False
S40,Q41,B,B,45,True
S40,Q42,B,B,41,True
S40,Q43,A,A,31,True
S40,Q44,A,A,42,True
S40,Q45,A,A,56,True
S40,Q46,B,B,32,True
S40,Q47,A,A,32,True
S40,Q48,B,B,35,True
S40,Q49,B,B,33,True
S40,Q50,B,B,35,True
S41,Q1,A,A,42,True
S41,Q2,A,A,26,True
S41,Q3,A,A,25,True
S41,Q4,A,A,51,True
S41,Q5,A,A,54,True
S41,Q6,C,A,43,False
S41,Q7,A,A,51,True
S41,Q8,A,A,56,True
S41,Q9,A,A,51,True
S41,Q10,A,A,52,True
S41,Q11,B,A,56,False
S41,Q12,A,A,53,True
S41,Q13,C,A,54,False
S41,Q14,A,A,42,True
S41,Q15,D,A,31,False
S41,Q16,B,A,53,False
S41,Q17,D,A,20,False
S41,Q18,A,A,33,True
S41,Q19,B,A,40,False
S41,Q20,C,A,31,False
S41,Q21,A,A,35,True
S41,Q22,A,A,59,True
S41,Q23,A,A,31,True
S41,Q24,A,A,33,True
S41,Q25,A,A,43,True
S41,Q26,A,A,45,True
S41,Q27,A,A,31,True
S41,Q28,A,A,56,True
S41,Q29,B,A,37,False
S41,Q30,D,A,47,False
S41,Q31,B,A,29,False
S41,Q32,D,A,29,False
S41,Q33,A,A,20,True
S41,Q34,A,A,51,True
S41,Q35,A,A,60,True
S41,Q36,A,A,40,True
S41,Q37,C,A,36,False
S41,Q38,A,A,56,True
S41,Q39,A,A,26,True
S41,Q40,B,A,33,False
S41,Q41,C,B,60,False
S41,Q42,B,B,41,True
S41,Q43,A,A,43,True
S41,Q44,A,A,36,True
S41,Q45,A,A,46,True
S41,Q46,B,B,58,True
S41,Q47,A,A,56,True
S41,Q48,D,B,31,False
S41,Q49,C,B,42,False
S41,Q50,B,B,52,True
S42,Q1,A,A,48,True
S42,Q2,C,A,59,False
S42,Q3,A,A,60,True
S42,Q4,B,A,60,False
S42,Q5,C,A,46,False
S42,Q6,D,A,45,False
S42,Q7,B,A,25,False
S42,Q8,A,A,34,True
S42,Q9,A,A,38,True
S42,Q10,D,A,45,False
S42,Q11,A,A,48,True
S42,Q12,A,A,43,True
S42,Q13,A,A,53,True
S42,Q14,C,A,30,False
S42,Q15,A,A,21,True
S42,Q16,A,A,35,True
S42,Q17,A,A,25,True
S42,Q18,A,A,45,True
S42,Q19,A,A,24,True
S42,Q20,A,A,50,True
S42,Q21,B,A,45,False
S42,Q22,B,A,26,False
S42,Q23,B,A,25,False
S42,Q24,C,A,39,False
S42,Q25,D,A,38,False
S42,Q26,B,A,28,False
S42,Q27,B,A,21,False
S42,Q28,A,A,42,True
S42,Q29,C,A,50,False
S42,Q30,D,A,37,False
S42,Q31,A,A,28,True
S42,Q32,D,A,54,False
S42,Q33,A,A,58,True
S42,Q34,A,A,60,True
S42,Q35,C,A,53,False
S42,Q36,D,A,39,False
S42,Q37,C,A,54,False
S42,Q38,A,A,25,True
S42,Q39,A,A,43,True
S42,Q40,A,A,29,True
S42,Q41,B,B,20,True
S42,Q42,B,B,28,True
S42,Q43,A,A,50,True
S42,Q44,A,A,51,True
S42,Q45,C,A,39,False
S42,Q46,B,B,47,True
S42,Q47,D,A,34,False
S42,Q48,D,B,43,False
S42,Q49,B,B,55,True
S42,Q50,B,B,35,True
S43,Q1,A,A,44,True
S43,Q2,B,A,36,False
S43,Q3,A,A,60,True
S43,Q4,A,A,59,True
S43,Q5,D,A,37,False
S43,Q6,A,A,54,True
S43,Q7,C,A,32,False
S43,Q8,B,A,28,False
S43,Q9,A,A,60,True
S43,Q10,A,A,48,True
S43,Q11,A,A,59,True
S43,Q12,A,A,40,True
S43,Q13,A,A,23,True
S43,Q14,B,A,31,False
S43,Q15,C,A,37,False
S43,Q16,A,A,48,True
S43,Q17,B,A,25,False
S43,Q18,A,A,51,True
S43,Q19,A,A,46,True
S43,Q20,A,A,51,True
S43,Q21,C,A,22,False
S43,Q22,A,A,29,True
S43,Q23,A,A,45,True
S43,Q24,A,A,50,True
S43,Q25,A,A,36,True
S43,Q26,A,A,20,True
S43,Q27,A,A,35,True
S43,Q28,A,A,48,True
S43,Q29,A,A,22,True
S43,Q30,A,A,26,True
S43,Q31,B,A,50,False
S43,Q32,C,A,40,False
S43,Q33,A,A,22,True
S43,Q34,D,A,53,False
S43,Q35,A,A,50,True
S43,Q36,B,A,43,False
S43,Q37,D,A,33,False
S43,Q38,B,A,60,False
S43,Q39,B,A,30,False
S43,Q40,D,A,27,False
S43,Q41,B,B,35,True
S43,Q42,B,B,22,True
S43,Q43,A,A,50,True
S43,Q44,B,A,43,False
S43,Q45,B,A,30,False
S43,Q46,B,B,59,True
S43,Q47,A,A,60,True
S43,Q48,B,B,42,True
S43,Q49,D,B,54,False
S43,Q50,A,B,51,False
S44,Q1,A,A,55,True
S44,Q2,C,A,48,False
S44,Q3,B,A,44,False
S44,Q4,A,A,28,True
S44,Q5,A,A,22,True
S44,Q6,A,A,48,True
S44,Q7,A,A,54,True
S44,Q8,B,A,56,False
S44,Q9,A,A,42,True
S44,Q10,A,A,49,True
S44,Q11,A,A,58,True
S44,Q12,D,A,30,False
S44,Q13,A,A,29,True
S44,Q14,A,A,36,True
S44,Q15,A,A,49,True
S44,Q16,A,A,60,True
S44,Q17,A,A,31,True
S44,Q18,D,A,43,False
S44,Q19,B,A,40,False
S44,Q20,D,A,54,False
S44,Q21,B,A,53,False
S44,Q22,D,A,29,False
S44,Q23,C,A,46,False
S44,Q24,B,A,26,False
S44,Q25,A,A,24,True
S44,Q26,A,A,28,True
S44,Q27,A,A,22,True
S44,Q28,A,A,51,True
S44,Q29,A,A,22,True
S44,Q30,A,A,44,True
S44,Q31,A,A,53,True
S44,Q32,A,A,57,True
S44,Q33,A,A,43,True
S44,Q34,A,A,24,True
S44,Q35,A,A,33,True
S44,Q36,A,A,25,True
S44,Q37,A,A,60,True
S44,Q38,A,A,55,True
S44,Q39,A,A,46,True
S44,Q40,A,A,23,True
S44,Q41,C,B,53,False
S44,Q42,B,B,24,True
S44,Q43,B,A,33,False
S44,Q44,B,A,26,False
S44,Q45,D,A,44,False
S44,Q46,B,B,53,True
S44,Q47,D,A,60,False
S44,Q48,D,B,55,False
S44,Q49,A,B,60,False
S44,Q50,D,B,49,False
S45,Q1,C,A,26,False
S45,Q2,A,A,31,True
S45,Q3,D,A,41,False
S45,Q4,D,A,58,False
S45,Q5,C,A,40,False
S45,Q6,C,A,43,False
S45,Q7,D,A,47,False
S45,Q8,C,A,58,False
S45,Q9,D,A,33,False
S45,Q10,D,A,36,False
S45,Q11,A,A,48,True
S45,Q12,A,A,45,True
S45,Q13,A,A,22,True
S45,Q14,D,A,21,False
S45,Q15,A,A,39,True
S45,Q16,A,A,34,True
S45,Q17,A,A,40,True
S45,Q18,A,A,37,True
S45,Q19,D,A,55,False
S45,Q20,A,A,56,True
S45,Q21,A,A,22,True
S45,Q22,A,A,29,True
S45,Q23,A,A,43,True
S45,Q24,B,A,34,False
S45,Q25,A,A,39,True
S45,Q26,A,A,45,True
S45,Q27,A,A,33,True
S45,Q28,D,A,40,False
S45,Q29,B,A,51,False
S45,Q30,D,A,56,False
S45,Q31,B,A,58,False
S45,Q32,B,A,56,False
S45,Q33,A,A,23,True
S45,Q34,C,A,42,False
S45,Q35,C,A,46,False
S45,Q36,B,A,34,False
S45,Q37,D,A,20,False
S45,Q38,D,A,44,False
S45,Q39,A,A,53,True
S45,Q40,A,A,54,True
S45,Q41,B,B,40,True
S45,Q42,B,B,34,True
S45,Q43,A,A,45,True
S45,Q44,D,A,56,False
S45,Q45,A,A,34,True
S45,Q46,B,B,45,True
S45,Q47,A,A,41,True
S45,Q48,B,B,56,True
S45,Q49,B,B,55,True
S45,Q50,B,B,25,True
S46,Q1,A,A,47,True
S46,Q2,A,A,28,True
S46,Q3,A,A,50,True
S46,Q4,A,A,51,True
S46,Q5,A,A,56,True
S46,Q6,A,A,59,True
S46,Q7,D,A,35,False
S46,Q8,A,A,37,True
S46,Q9,A,A,40,True
S46,Q10,A,A,56,True
S46,Q11,A,A,46,True
S46,Q12,C,A,32,False
S46,Q13,D,A,21,False
S46,Q14,B,A,42,False
S46,Q15,C,A,59,False
S46,Q16,A,A,22,True
S46,Q17,B,A,32,False
S46,Q18,B,A,25,False
S46,Q19,A,A,23,True
S46,Q20,D,A,29,False
S46,Q21,C,A,20,False
S46,Q22,A,A,27,True
S46,Q23,A,A,50,True
S46,Q24,A,A,33,True
S46,Q25,B,A,33,False
S46,Q26,A,A,36,True
S46,Q27,A,A,59,True
S46,Q28,B,A,21,False
S46,Q29,A,A,53,True
S46,Q30,A,A,30,True
S46,Q31,A,A,32,True
S46,Q32,D,A,37,False
S46,Q33,A,A,20,True
S46,Q34,A,A,37,True
S46,Q35,D,A,43,False
S46,Q36,B,A,38,False
S46,Q37,D,A,44,False
S46,Q38,A,A,44,True
S46,Q39,A,A,26,True
S46,Q40,C,A,58,False
S46,Q41,B,B,31,True
S46,Q42,B,B,49,True
S46,Q43,A,A,21,True
S46,Q44,A,A,53,True
S46,Q45,A,A,51,True
S46,Q46,B,B,30,True
S46,Q47,A,A,42,True
S46,Q48,B,B,39,True
S46,Q49,B,B,52,True
S46,Q50,B,B,23,True
S47,Q1,C,A,21,False
S47,Q2,C,A,34,False
S47,Q3,A,A,45,True
S47,Q4,B,A,44,False
S47,Q5,A,A,59,True
S47,Q6,D,A,34,False
S47,Q7,A,A,56,True
S47,Q8,A,A,39,True
S47,Q9,C,A,48,False
S47,Q10,A,A,33,True
S47,Q11,A,A,57,True
S47,Q12,A,A,32,True
S47,Q13,A,A,39,True
S47,Q14,A,A,53,True
S47,Q15,A,A,47,True
S47,Q16,B,A,56,False
S47,Q17,A,A,40,True
S47,Q18,A,A,54,True
S47,Q19,A,A,27,True
S47,Q20,A,A,29,True
S47,Q21,C,A,46,False
S47,Q22,C,A,48,False
S47,Q23,D,A,37,False
S47,Q24,A,A,32,True
S47,Q25,A,A,31,True
S47,Q26,A,A,59,True
S47,Q27,D,A,56,False
S47,Q28,D,A,34,False
S47,Q29,B,A,42,False
S47,Q30,A,A,50,True
S47,Q31,A,A,58,True
S47,Q32,A,A,43,True
S47,Q33,A,A,44,True
S47,Q34,A,A,28,True
S47,Q35,A,A,34,True
S47,Q36,A,A,20,True
S47,Q37,C,A,34,False
S47,Q38,B,A,33,False
S47,Q39,A,A,48,True
S47,Q40,C,A,40,False
S47,Q41,A,B,47,False
S47,Q42,B,B,22,True
S47,Q43,C,A,40,False
S47,Q44,A,A,56,True
S47,Q45,A,A,53,True
S47,Q46,D,B,22,False
S47,Q47,A,A,48,True
S47,Q48,B,B,22,True
S47,Q49,A,B,53,False
S47,Q50,B,B,22,True
S48,Q1,A,A,53,True
S48,Q2,B,A,32,False
S48,Q3,A,A,45,True
S48,Q4,C,A,49,False
S48,Q5,A,A,38,True
S48,Q6,B,A,53,False
S48,Q7,C,A,48,False
S48,Q8,A,A,52,True
S48,Q9,A,A,57,True
S48,Q10,D,A,54,False
S48,Q11,A,A,46,True
S48,Q12,A,A,21,True
S48,Q13,A,A,57,True
S48,Q14,B,A,49,False
S48,Q15,A,A,40,True
S48,Q16,D,A,30,False
S48,Q17,B,A,25,False
S48,Q18,A,A,48,True
S48,Q19,B,A,53,False
S48,Q20,D,A,52,False
S48,Q21,A,A,30,True
S48,Q22,A,A,44,True
S48,Q23,A,A,30,True
S48,Q24,A,A,56,True
S48,Q25,A,A,29,True
S48,Q26,A,A,29,True
S48,Q27,A,A,23,True
S48,Q28,A,A,39,True
S48,Q29,A,A,48,True
S48,Q30,A,A,31,True
S48,Q31,A,A,28,True
S48,Q32,B,A,59,False
S48,Q33,B,A,49,False
S48,Q34,C,A,54,False
S48,Q35,D,A,51,False
S48,Q36,D,A,50,False
S48,Q37,C,A,25,False
S48,Q38,B,A,35,False
S48,Q39,C,A,59,False
S48,Q40,B,A,23,False
S48,Q41,B,B,23,True
S48,Q42,A,B,29,False
S48,Q43,D,A,56,False
S48,Q44,C,A,41,False
S48,Q45,B,A,26,False
S48,Q46,B,B,31,True
S48,Q47,A,A,38,True
S48,Q48,D,B,58,False
S48,Q49,B,B,55,True
S48,Q50,B,B,49,True
S49,Q1,C,A,22,False
S49,Q2,A,A,39,True
S49,Q3,A,A,44,True
S49,Q4,C,A,55,False
S49,Q5,A,A,50,True
S49,Q6,A,A,37,True
S49,Q7,A,A,46,True
S49,Q8,A,A,33,True
S49,Q9,B,A,56,False
S49,Q10,D,A,53,False
S49,Q11,C,A,58,False
S49,Q12,D,A,38,False
S49,Q13,A,A,40,True
S49,Q14,A,A,56,True
S49,Q15,C,A,28,False
S49,Q16,C,A,53,False
S49,Q17,C,A,51,False
S49,Q18,D,A,34,False
S49,Q19,B,A,20,False
S49,Q20,A,A,49,True
S49,Q21,B,A,33,False
S49,Q22,C,A,46,False
S49,Q23,A,A,42,True
S49,Q24,A,A,60,True
S49,Q25,A,A,60,True
S49,Q26,A,A,38,True
S49,Q27,A,A,24,True
S49,Q28,A,A,52,True
S49,Q29,A,A,20,True
S49,Q30,A,A,41,True
S49,Q31,A,A,56,True
S49,Q32,A,A,21,True
S49,Q33,A,A,32,True
S49,Q34,A,A,41,True
S49,Q35,A,A,50,True
S49,Q36,A,A,22,True
S49,Q37,A,A,50,True
S49,Q38,A,A,49,True
S49,Q39,A,A,54,True
S49,Q40,A,A,49,True
S49,Q41,C,B,23,False
S49,Q42,C,B,56,False
S49,Q43,C,A,55,False
S49,Q44,B,A,56,False
S49,Q45,C,A,24,False
S49,Q46,C,B,21,False
S49,Q47,C,A,60,False
S49,Q48,A,B,56,False
S49,Q49,A,B,58,False
S49,Q50,B,B,39,True
S50,Q1,C,A,22,False
S50,Q2,B,A,51,False
S50,Q3,C,A,48,False
S50,Q4,C,A,33,False
S50,Q5,B,A,27,False
S50,Q6,B,A,32,False
S50,Q7,C,A,52,False
S50,Q8,A,A,50,True
S50,Q9,B,A,32,False
S50,Q10,C,A,53,False
S50,Q11,A,A,40,True
S50,Q12,A,A,26,True
S50,Q13,D,A,28,False
S50,Q14,A,A,22,True
S50,Q15,A,A,53,True
S50,Q16,A,A,39,True
S50,Q17,D,A,58,False
S50,Q18,C,A,49,False
S50,Q19,B,A,53,False
S50,Q20,D,A,39,False
S50,Q21,A,A,39,True
S50,Q22,B,A,40,False
S50,Q23,A,A,38,True
S50,Q24,A,A,40,True
S50,Q25,D,A,27,False
S50,Q26,A,A,30,True
S50,Q27,A,A,20,True
S50,Q28,D,A,52,False
S50,Q29,A,A,54,True
S50,Q30,A,A,40,True
S50,Q31,A,A,38,True
S50,Q32,A,A,30,True
S50,Q33,A,A,59,True
S50,Q34,D,A,48,False
S50,Q35,A,A,21,True
S50,Q36,A,A,23,True
S50,Q37,A,A,23,True
S50,Q38,A,A,45,True
S50,Q39,A,A,58,True
S50,Q40,D,A,48,False
S50,Q41,B,B,39,True
S50,Q42,B,B,32,True
S50,Q43,A,A,54,True
S50,Q44,A,A,49,True
S50,Q45,A,A,25,True
S50,Q46,B,B,49,True
S50,Q47,A,A,39,True
S50,Q48,B,B,49,True
S50,Q49,B,B,34,True
S50,Q50,B,B,59,True
